,MAE,RMSE
Cosine,0.8296451653302063,1.1023398880894113
Pearson,0.8475546191892389,1.1173170859429598
