MAE,RMSE
0.7406330992922235,0.9582743937219989
