,MAE,RMSE
Cosine,0.8199768328097525,1.0838828213485046
Pearson,0.8433047877048891,1.1033535110884882
